Symbol,Name
VFV.TO,Vanguard S&P 500 Index ETF
XIU.TO,iShares S&P/TSX 60 Index ETF
XIC.TO,iShares Core S&P/TSX Capped Composite Index ETF
XSP.TO,iShares Core S&P 500 Index ETF (CAD-Hedged)
VUN.TO,Vanguard U.S. Total Market Index ETF
XEF.TO,iShares Core MSCI EAFE IMI Index ETF
ZEA.TO,BMO MSCI EAFE Index ETF
ZCN.TO,BMO S&P/TSX Capped Composite Index ETF
FCLC.NE,Fidelity Canadian Large Cap Series ETF
CSAV.TO,CI High Interest Savings ETF
ZAG.TO,BMO Aggregate Bond Index ETF
XBB.TO,iShares Core Canadian Universe Bond Index ETF
VCN.TO,Vanguard FTSE Canada All Cap Index ETF
XUS.TO,iShares Core S&P 500 Index ETF
XEF-U.TO,iShares Core MSCI EAFE IMI Index ETF
RNAV.NE,RBC North American Value Fund
TGAF.TO,Tralucent Global Alt(long/Short) Equity Fund E ETF
VGRO.TO,Vanguard Growth ETF Portfolio
FTHI.TO,Fidelity Tactical High Income Fund ETF
CASH.TO,Global X High Interest Savings ETF
PSA.TO,Purpose High Interest Savings Fund
FCEM.TO,Fidelity Emerging Markets Fund ETF
VAB.TO,Vanguard Canadian Aggregate Bond Index ETF
XUS-U.TO,iShares Core S&P 500 Index ETF
VIU.TO,Vanguard FTSE Developed All Cap ex North Amer Idx ETF
VEQT.TO,Vanguard All-Equity ETF Portfolio
RCOR.NE,RBC Core Bond Pool ETF
HISA.NE,High Interest Savings Account ETF
FCGC.NE,Fidelity Greater Canada Series ETF
HXT-U.TO,Global X S&P/TSX 60 Corporate Class ETF
HXT.TO,Global X S&P/TSX 60 Corporate Class ETF
XEQT.TO,iShares Core Equity ETF Portfolio
ZEB.TO,BMO Equal Weight Banks Index ETF
RPLS.NE,RBC Core Plus Bond Pool ETF
HXS-U.TO,Global X S&P 500 Corporate Class ETF
HXS.TO,Global X S&P 500 Corporate Class ETF
ZLB.TO,BMO Low Volatility Canadian Equity ETF
ZFL.TO,BMO Long Federal Bond Index ETF
IGAF.TO,IA Clarington Loomis Global Allocation Fund ETF
VSP.TO,Vanguard S&P 500 Index ETF (CAD-hedged)
HBB.TO,Global X Canadian Select Universe Bond Index Corporate Class ETF
RCEI.NE,RBC Canadian Equity Income Fund
XSEM.TO,iShares ESG Aware MSCI Emerging Markets Index ETF
XQQ.TO,iShares NASDAQ 100 Index ETF (CAD-Hedged)
NSCB.TO,NBI Sustainable Canadian Bond ETF
VBAL.TO,Vanguard Balanced ETF Portfolio
ZMU.TO,BMO Mid-Term US IG Corporate Bond Hedged to CAD Index ETF
VDY.TO,Vanguard FTSE Canadian High Dividend Yield Index ETF
BGEQ.NE,BMO Global Equity Active ETF Series
FGEP.TO,Fidelity Global Equity+ Fund ETF
NUBF.TO,NBI Unconstrained Fixed Income ETF
ZUE.TO,BMO S&P 500 Hedged to CAD Index ETF
RINT.NE,RBC International Equity Fund
XGRO.TO,iShares Core Growth ETF Portfolio
HSAV.TO,Global X Cash Maximizer Corporate Class ETF
ZST-L.TO,BMO Ultra Short-Term Bond ETF (AU)
ZST.TO,BMO Ultra Short-Term Bond ETF
XSB.TO,iShares Core Canadian Short Term Bond Index ETF
NSCE.TO,NBI Sustainable Canadian Equity ETF
FLCP.TO,Franklin Canadian Core Plus Bond Fund ETF
ZQQ.TO,BMO Nasdaq 100 Equity Hedged to CAD Index ETF
BTCC-U.TO,Purpose Bitcoin CAD ETF Non-Currency Hedged Units
BTCC.TO,Purpose Bitcoin CAD ETF Currency Hedged Units
BTCC-B.TO,Purpose Bitcoin CAD ETF Non-Currency Hedged Units
BTCC-J.TO,Purpose Bitcoin CAD ETF Non-Currency Hedged Carbon Offset Units
VXC.TO,Vanguard FTSE Global All Cap ex Canada Index ETF
ESGY.TO,BMO MSCI USA ESG Leaders Index ETF
ESGY-F.TO,BMO MSCI USA ESG Leaders Index ETF (Hedged Units)
VEE.TO,Vanguard FTSE Emerging Markets All Cap Index ETF
ZWU.TO,BMO Covered Call Utilities ETF
XEG.TO,iShares S&P/TSX Capped Energy Index ETF
TTP.TO,TD Canadian Equity Index ETF
TCLB.TO,TD Canadian Long Term Federal Bond ETF
ZCPB.TO,BMO Core Plus Bond ETF
VCE.TO,Vanguard FTSE Canada Index ETF
XEI.TO,iShares S&P/TSX Composite High Dividend Index ETF
ZWC.TO,BMO CA High Dividend Covered Call ETF
XCB.TO,iShares Core Canadian Corporate Bond Index ETF
TPE.TO,TD International Equity Index ETF
ZCS.TO,BMO Short Corporate Bond Index ETF
SITU.NE,Scotia US Equity Index Tracker ETF
TDB.TO,TD Canadian Aggregate Bond Index ETF
XDV.TO,iShares Canadian Select Dividend Index ETF
VGG.TO,Vanguard U.S. Dividend Appreciation Index ETF
XFH.TO,iShares Core MSCI EAFE IMI Index ETF (CAD-Hedged)
QCN.TO,Mackenzie Canadian Equity Index ETF
XFN.TO,iShares S&P/TSX Capped Financials Index ETF
XIN.TO,iShares MSCI EAFE Index ETF (CAD-Hedged)
FCGS-U.NE,Fidelity Global Small Cap Opportunities Fund - ETF
FCGS.NE,Fidelity Global Small Cap Opportunities Fund - ETF
CACB.TO,CIBC Active Investment Grade Corporate Bond ETF
XBAL.TO,iShares Core Balanced ETF Portfolio
PCOR.TO,PIMCO Managed Core Bond Pool ETF
ZEM.TO,BMO MSCI Emerging Markets Index ETF
XGD.TO,iShares S&P/TSX Global Gold Index ETF
ZMMK.TO,BMO Money Market Fund ETF Series
HXCN.TO,Global X S&P/TSX Capped Composite Index Corporate Class ETF
XSH.TO,iShares Core Canadian Short Term Corporate Bond Index ETF
XDIV.TO,iShares Core MSCI Canadian Quality Dividend Index ETF
XLB.TO,iShares Core Canadian Long Term Bond Index ETF
RIIN.TO,Russell Investments Global Infrastructure ETF
PFMN.TO,Picton Mahoney Fortified Market Neutral Alternative Fund ETF
NREA.TO,NBI Global Real Assets Income ETF
VSB.TO,Vanguard Canadian Short-Term Bond Index ETF
QQC-F.TO,Invesco NASDAQ 100 Index ETF CAD Hedged Units
QQC.TO,Invesco NASDAQ 100 Index ETF CAD Units
FCGB.NE,Fidelity Global Core Plus Bond ETF
RTEC.NE,RBC Global Technology Fund
ZGB.TO,BMO Government Bond Index ETF
RCDB.NE,RBC Canadian Discount Bond ETF
XRE.TO,iShares S&P/TSX Capped REIT Index ETF
HPR.TO,Global X Active Preferred Share ETF Common
PFIA.TO,Picton Mahoney Fortified Income Alternative Fund ETF
NHYB.TO,NBI High Yield Bond ETF
CPD.TO,iShares S&P/TSX Canadian Preferred Share Index ETF Common Class
JAPN.TO,CI Japan Equity Index ETF Hedged
JAPN-B.TO,CI WisdomTree Japan Equity Index ETF Non-Hedged
XGB.TO,iShares Core Canadian Government Bond Index ETF
CGL.TO,iShares Gold Bullion ETF (CAD-Hedged)
CGL-C.TO,iShares Gold Bullion ETF (Non-Hedged)
FBAL.NE,Fidelity All-in-One Balanced ETF
FIE.TO,iShares Canadian Financial Monthly Income ETF Common Class
VBU.NE,Vanguard U.S. Aggregate Bond Index ETF (CAD-hedged)
ZDV.TO,BMO Canadian Dividend ETF
XWD.TO,iShares MSCI World Index ETF
VUS.TO,Vanguard U.S. Total Market Index ETF (CAD-hedged)
ZHY.TO,BMO High Yield US Corporate Bond Hedged to CAD Index ETF
MUB.TO,Mackenzie Unconstrained Bond ETF
CMR.TO,iShares Premium Money Market ETF Common Class
VSC.TO,Vanguard Canadian Short-Term Corporate Bond Index ETF
QDX.TO,Mackenzie International Equity Index ETF
QBB.TO,Mackenzie Canadian Aggregate Bond Index ETF
CDZ.TO,iShares S&P/TSX Canadian Dividend Aristocrats Index ETF Common Class
RNAG.NE,RBC North American Growth Fund
MNY.TO,Purpose Cash Management Fund ETF Units
ZUQ.TO,BMO MSCI USA High Quality Index ETF
ZUQ-F.TO,BMO MSCI USA High Quality Index ETF (Hedged Units)
ZDM.TO,BMO MSCI EAFE Hedged to CAD Index ETF
ZDB.TO,BMO Discount Bond Index ETF
ZEQ.TO,BMO MSCI Europe High Quality Hedged to CAD Index ETF
DGRC.TO,CI Canada Quality Dividend Growth Index ETF
HBNK.TO,Global X Equal Weight Banks Index ETF
RCNS.NE,RBC Conservative Bond Pool ETF
ZWP.TO,BMO Europe High Dividend Covered Call ETF
RQO.TO,RBC Target 2026 Corporate Bond Index Index ETF
FGO.TO,CI Enhanced Government Bond ETF
HMAX.TO,Hamilton Canadian Financials YIELD MAXIMIZER ETF
PDC.TO,Invesco Canadian Dividend Index ETF
CLG.TO,iShares 1-10 Year Laddered Government Bond Index ETF Common Class
CBIL.TO,Global X 0-3 Month T-Bill ETF CAD
HSUV-U.TO,Global X USD Cash Maximizer Corporate Class ETF
XFR.TO,iShares Floating Rate Index ETF
FGLS.NE,Fidelity Global Value Long/Short ETF
ZJPN.TO,BMO Japan Index ETF
ZJPN-F.TO,BMO Japan Index ETF (Hedged Units)
VBG.NE,Vanguard Global ex-U.S. Aggregate Bond Index ETF (CAD-hedged)
NINT.TO,NBI Active International Equity ETF
RQN.TO,RBC Target 2025 Canadian Corporate Bond Index ETF
CBO.TO,iShares 1-5 Year Laddered Corporate Bond Index ETF Common Class
BND.TO,Purpose Global Bond Fund Series ETF
HISU-U.TO,US High Interest Savings Account Fund
PSU-U.TO,Purpose US Cash Fund ETF
ETHX-B.TO,CI Galaxy Ethereum ETF
ETHX-U.TO,CI Galaxy Ethereum ETF
ZBK.TO,BMO Equal Weight US Banks Index ETF
HEB.TO,Hamilton Canadian Bank Equal-Weight Index ETF
VGH.TO,Vanguard U.S. Dividend Appreciation Index ETF (CAD-hedged)
DXG.TO,Dynamic Active Global Dividend ETF
WSRI.TO,Wealthsimple North America Socially Responsible Index ETF
FCCB.NE,Fidelity Systematic Canadian Bond Index ETF
CCRE.TO,CIBC Core Fixed Income Pool ETF
VEF.TO,Vanguard FTSE Developed All Cap ex U.S. Index ETF (CAD-hedged)
DXP.TO,Dynamic Active Preferred Shares ETF
RGPM.NE,RBC Global Precious Metals Fund
ZGQ.TO,BMO MSCI All Country World High Quality Index ETF
WSRD.TO,Wealthsimple Developed Markets ex North America Socially Responsible Index ETF
PFL.TO,Invesco 1-3 Year Laddered Floating Rate Note Index ETF
MINT-B.TO,Manulife Multifactor Developed International Index ETF
MINT.TO,Manulife Multifactor Developed International Index ETF
ZGI.TO,BMO Global Infrastructure Index ETF
ZWE.TO,BMO Europe High Dividend Covered Call Hedged to CAD ETF
XIT.TO,iShares S&P/TSX Capped Information Technology Index ETF
ZEF.TO,BMO Emerging Market Bond Hedged to CAD Index ETF
HXDM.TO,Global X Intl Developed Markets Equity Index Corporate Class ETF
HXDM-U.TO,Global X Intl Developed Markets Equity Index Corporate Class ETF
XHC.TO,iShares Global Healthcare Index ETF (CAD-Hedged)
CCEI.TO,CIBC Canadian Equity Index ETF
XSU.TO,iShares U.S. Small Cap Index ETF (CAD-Hedged)
FLSA.NE,Fidelity Long/Short Alternative ETF
CPLS.TO,CIBC Core Plus Fixed Income Pool ETF
MFT.TO,Mackenzie Floating Rate Income ETF
RPF.TO,RBC Canadian Preferred Share ETF
MKB.TO,Mackenzie Core Plus Canadian Fixed Income ETF
QCB.NE,Mackenzie Canadian All Corporate Bond Index ETF
HXQ.TO,Global X NASDAQ-100 Index Corporate Class ETF
HXQ-U.TO,Global X NASDAQ-100 Index Corporate Class ETF
WXM.TO,CI Morningstar Canada Momentum Index ETF Common
FCIQ.TO,Fidelity International High Quality ETF
FCIQ-U.TO,Fidelity International High Quality ETF
DXQ.TO,Dynamic Active Enhanced Yield Covered Options ETF
NSGE.TO,NBI Sustainable Global Equity ETF
RQP.TO,RBC Target 2027 Canadian Corporate Bond Index ETF
PFLS.TO,Picton Mahoney Fortified Long Short Alternative Fund Class ETF
HCAL.TO,Hamilton Enhanced Canadian Bank ETF
ZRE.TO,BMO Equal Weight REITs Index ETF
FGOV.TO,Franklin Canadian Government Bond Fund ETF Series
ZUQ-U.TO,BMO MSCI USA High Quality Index ETF
HYLD.TO,Hamilton Enhanced U.S. Covered Call ETF
DCU.TO,Desjardins Canadian Universe Bond Index ETF
CDIV.TO,Manulife Smart Dividend ETF
NSAV.NE,Ninepoint High Interest Savings Fund
FGRO.NE,Fidelity All-in-One Growth ETF
ZUB.TO,BMO Equal Weight US Banks Hedged to CAD Index ETF
FCUQ-U.TO,Fidelity U.S. High Quality ETF
FCUQ.TO,Fidelity U.S. High Quality ETF
ZDI.TO,BMO International Dividend ETF
ZCM.TO,BMO Mid Corporate Bond Index ETF
FBTC-U.TO,Fidelity Advantage Bitcoin ETFTM
FBTC.TO,Fidelity Advantage Bitcoin ETFTM
CROP.TO,Purpose Credit Opportunities Fund ETF
CLF.TO,iShares 1-5 Year Laddered Government Bond Index ETF Common Class
DXDB.TO,Dynamic Active Discount Bond ETF
QUIG.TO,Mackenzie US Investment Grade Corporate Bond Index ETF (CAD-Hedged)
FCUV-U.TO,Fidelity U.S. Value ETF
FCUV.TO,Fidelity U.S. Value ETF
VCNS.TO,Vanguard Conservative ETF Portfolio
XSUS.TO,iShares ESG Aware MSCI USA Index ETF
CIF.TO,iShares Global Infrastructure Index ETF Common Class
CIAI.TO,CI Global Artificial Intelligence ETF (ETF C$ Series)
CGBI.TO,CIBC Global Bond ex-Canada Index ETF (CAD-Hedged)
RIT.TO,CI Canadian REIT ETF
IFRF.TO,IA Clarington Floating Rate Income Fund ETF
PFAA.TO,Picton Mahoney Fortified Alpha Alternative Fund ETF
ZUT.TO,BMO Equal Weight Utilities Index ETF
TQCD.TO,TD Q Canadian Dividend ETF
ZFM.TO,BMO Mid Federal Bond Index ETF
VDU.TO,Vanguard FTSE Developed All Cap ex U.S. Index ETF
IQD.TO,CI International Quality Dividend Growth Index ETF
IQD-B.TO,CI WisdomTree International Quality Dividend Growth Index ETF Non-Hedged
MKC.TO,Mackenzie Maximum Diversification Canada Index ETF
NALT.TO,NBI Liquid Alternatives ETF
HYLD-U.TO,Hamilton Enhanced U.S. Covered Call ETF
MEME-B.TO,Manulife Multifactor Emerging Markets Index ETF
NGPE.TO,NBI Global Private Equity ETF
HDIV.TO,Hamilton Enhanced Multi-Sector Covered Call ETF
XHY.TO,iShares U.S. High Yield Bond Index ETF (CAD-Hedged)
ZLC.TO,BMO Long Corporate Bond Index ETF
EGIF.TO,Exemplar Growth and Income Ser ETF
XGGB.NE,IShares Global Government Bond Index ETF (CAD-Hedged)
HFR.TO,Global X Active Ultra-Short Term Investment Grade Bond ETF
ZDJ.TO,BMO Dow Jones Industrial Average Hedged to CAD Index ETF
XESG.TO,iShares ESG Aware MSCI Canada Index ETF
SMAX.TO,Hamilton U.S. Equity YIELD MAXIMIZER ETF
HAZ.TO,Global X Active Global Dividend ETF Common
DGR.TO,CI U.S. Quality Dividend Growth Index ETF
DGR-B.TO,CI WisdomTree U.S. Quality Dividend Growth Index ETF
ESG-F.TO,Invesco S&P 500 ESG Index ETF (CAD Hedged)
ESG.TO,Invesco S&P 500 ESG Index ETF
RQQ.TO,RBC Target 2028 Canadian Corporate Bond Index ETF
CAFR.TO,CIBC Active Investment Grade Floating Rate Bond ETF
XTR.TO,iShares Diversified Monthly Income ETF
VI.TO,Vanguard FTSE Developed All Cap ex Nrth Amer Idx ETF (CAD-Hdd)
ZFS.TO,BMO Short Federal Bond Index ETF
HDIF.TO,Harvest Diversified Monthly Income ETF - Class A Units
IGB.TO,Purpose Global Bond Class ETF
SITB.NE,Scotia Canadian Bond Index Tracker ETF
PSB.TO,Invesco 1-5 Year Laddered Investment Grade Corporate Bond Index ETF
CUEI.TO,CIBC U.S. Equity Index ETF
VVL.TO,Vanguard Global Value Factor ETF CAD
FLGA.TO,Franklin Global Core Bond Fund ETF Series
CBH.TO,iShares 1-10 Year Laddered Corporate Bond Index ETF Common Class
ZMBS.TO,BMO Canadian MBS Index ETF
ZWK.TO,BMO Covered Call US Banks ETF
CWW.TO,iShares Global Water Index ETF Common Class
CINF.TO,CI Global Infrastructure Private Pool - ETF C$ Series
GCBD.TO,Guardian Canadian Bond Fund ETF Units
RQL.TO,RBC Target 2024 Canadian Corporate Bond Index ETF
UBIL-U.TO,Global X 0-3 Month U.S. T-Bill ETF USD
XBM.TO,iShares S&P/TSX Global Base Metals Index ETF
ZLI.TO,BMO Low Volatility International Equity ETF
HAB.TO,Global X Active Corporate Bond ETF Common
HQU.TO,BetaPro NASDAQ-100 2x Daily Bull ETF
PGL.NE,Invesco Long Term Government Bond Index ETF
MCLC.TO,Manulife Multifactor Canadian Large Cap Index ETF
XEU.TO,iShares MSCI Europe IMI Index ETF
CUD.TO,iShares US Dividend Growers Index ETF (CAD-Hedged) Common Class
HTB-U.TO,Global X US 7-10 Year Treasury Bond Index Corporate Class ETF
HTB.TO,Global X US 7-10 Year Treasury Bond Index Corporate Class ETF
XQB.TO,iShares High Quality Canadian Bond Index ETF Common Class
SITI.NE,Scotia International Equity Index Tracker ETF
BTCQ-U.TO,3iQ Bitcoin ETF
BTCQ.TO,3iQ Bitcoin ETF
FCSI.TO,Franklin ClearBridge Sustainable International Growth Fund ETF
HULC-U.TO,Global X US Large Cap Index Corporate Class Index ETF
HULC.TO,Global X US Large Cap Index Corporate Class Index ETF
VCB.TO,Vanguard Canadian Corporate Bond Index ETF
ZPS.TO,BMO Short Provincial Bond Index ETF
ZPS-L.TO,BMO Short Provincial Bond Index ETF (AU)
ZMP.TO,BMO Mid Provincial Bond Index ETF
FLAM.NE,Franklin FTSE U.S. Index ETF
FXM.TO,CI Morningstar Canada Value Index ETF Common
MWD.TO,Mackenzie Maximum Diversification All World Developed Index ETF
COW.TO,iShares Global Agriculture Index ETF Common Class
XRB.TO,iShares Canadian Real Return Bond Index ETF
VXM.TO,CI Morningstar International Value Index ETF Common Units (CAD Hedged)
QTIP.NE,Mackenzie US TIPS Index ETF (CAD-Hedged)
ZUH.TO,BMO Equal Weight US Health Care Hedged to CAD Index ETF
XIG.TO,iShares U.S. IG Corporate Bond Index ETF (CAD-Hedged)
ZTL-F.NE,BMO Long-Term US Treasury Bond Index (Hedged Units)
NRGI.NE,Ninepoint Energy Income Fund Series ETF
ZGRO.TO,BMO Growth ETF
ZGRO-T.TO,BMO Growth ETF (Fixed Percentage Distribution Units)
TPRF.TO,TD Active Preferred Share ETF
QMAX.TO,Hamilton Technology YIELD MAXIMIZER ETF
UMAX.TO,Hamilton Utilities YIELD MAXIMIZER ETF
VRIF.TO,Vanguard Retirement Income ETF Portfolio
XUH.TO,iShares Core S&P U.S. Total Market Index ETF (CAD-Hedged)
HSH.TO,Global X S&P 500 CAD Hedged Index Corporate Class ETF
QBTL.TO,AGF US Market Neutral Anti-Beta CAD-Hedged ETF
MCSM.TO,Manulife Multifactor Canadian SMID Cap Index ETF
FGGE.TO,Franklin Global Growth Fund Series ETF
XUT.TO,iShares S&P/TSX Capped Utilities Index ETF
MHYB.NE,Mackenzie Global High Yield Fixed Income ETF
RTA.NE,Purpose Tactical Asset Allocation Fund ETF
FLUR.NE,Franklin International Equity Index ETF
VRE.TO,Vanguard FTSE Canadian Capped REIT Index ETF
VLB.TO,Vanguard Canadian Long-Term Bond Index ETF
CHCL-B.NE,CI Global Healthcare Leaders Index ETF
DXC.TO,Dynamic Active Canadian Dividend ETF
QEBH.TO,Mackenzie Emerging Markets Bond Index ETF (CAD-Hedged)
FCIV.TO,Fidelity International Value ETF
ZPL.TO,BMO Long Provincial Bond Index ETF
RBNK.TO,RBC Canadian Bank Yield Index ETF
ZBAL.TO,BMO Balanced ETF
ZBAL-T.TO,BMO Balanced ETF (Fixed Percentage Distribution Units)
FLSD.TO,Franklin Canadian Short Term Bond Fund ETF
RUSB.TO,RBC Short Term U.S. Corporate Bond ETF
TUHY.TO,TD Active U.S. High Yield Bond ETF
HEQT.TO,Global X All-Equity Asset Allocation ETF
TGFI.TO,TD Active Global Income ETF
ZWG.TO,BMO Global High Dividend Covered Call ETF
FCUD.TO,Fidelity U.S. High Dividend ETF
WSGB.NE,Wealthsimple North American Green Bond Index ETF (CAD- Hedged)
WSHR.NE,Wealthsimple Shariah World Equity Index ETF
TERM.TO,Manulife Smart Short-Term Bond ETF
DRMU.TO,Desjardins RI USA Net - Zero Emissions Pathway ETF
TQSM.TO,TD Q U.S. Small-Mid-Cap Equity ETF
RUSB-U.TO,RBC Short Term U.S. Corporate Bond ETF
IDIV-B.TO,Manulife Smart International Dividend ETF
XMH.TO,iShares S&P U.S. Mid-Cap Index ETF (CAD-Hedged)
ZDH.TO,BMO International Dividend Hedged to CAD ETF
DRFC.TO,Desjardins RI Canada Multifactor - Net-Zero Emissions Pathway ETF
ZEO.TO,BMO Equal Weight Oil & Gas Index ETF
FCUL.NE,Fidelity U.S. Low Volatility ETF
XMD.TO,iShares S&P/TSX Completion Index ETF
TQGD.TO,TD Q Global Dividend ETF
XUSR.TO,iShares ESG Advanced MSCI USA Index ETF
XST.TO,iShares S&P/TSX Capped Consumer Staples Index ETF
HAC.TO,Global X Seasonal Rotation ETF Common
XCSR.TO,iShares ESG Advanced MSCI Canada Index ETF
ZFN.TO,BMO SIA Focused North American Equity Fund ETF Series
FCMO.NE,Fidelity U.S. Momentum ETF
ZWA.TO,BMO Covered Call Dow Jones Industrial Average Hedged to CAD ETF
XSEA.TO,iShares ESG Aware MSCI EAFE Index ETF
VCIP.TO,Vanguard Conservative Income ETF Portfolio
FIG.TO,CI Investment Grade Bond ETF
HUTL.TO,Harvest Equal Weight Global Utilities Income ETF
XEM.TO,iShares MSCI Emerging Markets Index ETF
FLCD.NE,Franklin FTSE Canada All Cap Index ETF
NBND.NE,Ninepoint Diversified Bond Fund
XMV.TO,iShares MSCI Min Vol Canada Index ETF
RIRA.TO,Russell Investments Real Assets ETF
FHIS.TO,Franklin Canadian Ultra Short Term Bond Fund ETF Series
QIF.NE,AGF Systematic Global Infrastructure ETF
CEW.TO,iShares Equal Weight Banc & Lifeco ETF Common Class
XHU.TO,iShares U.S. High Dividend Equity Index ETF
CIC.TO,CI Canadian Banks Covered Call Income Class ETF
SPLT.TO,Brompton Split Corp. PreferredShareETF
CGR.TO,iShares Global Real Estate Index ETF Common Class
XPF.TO,iShares S&P/TSX North American Preferred Stock Index ETF (CAD-Hedged)
RQR.TO,RBC Target 2029 Canadian Corporate Bond ETF
FCSW.NE,Fidelity Sustainable World ETF
XHB.TO,iShares Canadian HYBrid Corporate Bond Index ETF
VE.TO,Vanguard FTSE Developed Europe All Cap Index ETF
IWBE.TO,Invesco ESG Global Bond ETF
BGHC.NE,BMO Global Health Care Active ETF Series
FBGO.TO,Franklin Brandywine Global Sustainable Income Optimiser Fund ETF
CUSA-B.NE,CI U.S. 500 Index ETF
XHD.TO,iShares U.S. High Dividend Equity Index ETF (CAD-Hedged)
MGSB.NE,Mackenzie Global Sustainable Bond ETF
PXC.TO,Invesco FTSE RAFI Canadian Index ETF
FCIG.NE,Fidelity Global Investment Grade Bond ETF
FWCP.TO,Franklin Western Asset Core Plus Bond Fund ETF
FCNS.NE,Fidelity All-in-One Conservative ETF
CCDN.NE,CI Canadian Equity Index ETF
ZZZD.TO,BMO Tactical Dividend ETF Fund ETF
BANK.TO,Evolve Canadian Banks and Lifecos Enhanced Yield Index Fund
PFSS.TO,Picton Mahoney Fortified Special Situations Alternative Fund ETF
RPS.NE,Purpose Canadian Preferred Share Fund ETF
VIDY.TO,Vanguard FTSE Developed ex North America High Dividend Yield Index ETF
ZGSB.TO,BMO Global Strategic Bond ETF
XMW.TO,iShares MSCI Min Vol Global Index ETF
XMA.TO,iShares S&P/TSX Capped Materials Index ETF
FCCD.TO,Fidelity Canadian High Dividend ETF
CCOM.TO,CI Auspice Broad Commodity Fund - Hedged Common Units Acc
PDF.TO,Purpose Core Dividend Fund Series ETF
FCCV.TO,Fidelity Canadian Value ETF
MHCD.TO,Middlefield Healthcare Dividend ETF
TQGM.TO,TD Q Global Multifactor ETF
ZID.TO,BMO MSCI India ESG Leaders Index ETF
BPRF.TO,Brompton Flaherty & Crumrine Investment Grade Preferred ETF
XDSR.TO,iShares ESG Advanced MSCI EAFE Index ETF
XSAB.TO,iShares ESG Aware Canadian Aggregate Bond Index ETF
VGAB.NE,Vanguard Global Aggregate Bond Index ETF (CAD-hedged)
FEQT.NE,Fidelity All-in-One Equity ETF
XEH.TO,iShares MSCI Europe IMI Index ETF (CAD-Hedged)
FCSB.NE,Fidelity Canadian Short Term Corporate Bond ETF
FCUD-U.TO,Fidelity U.S. High Dividend Index ETF
GCTB.TO,Guardian Ultra-Short Canadian T-Bill Fund ETF Units
RCD.TO,RBC Quant Canadian Dividend Leaders ETF
ZSU.TO,BMO Short-Term US IG Corporate Bond Hedged to CAD Index ETF
USCC-U.TO,Global X S&P 500 Covered Call ETF
USCC.TO,Global X S&P 500 Covered Call ETF
XSTP.TO,iShares 0-5 Year TIPS Bond Index ETF
XSTH.TO,iShares 0-5 Year TIPS Bond Index ETF (CAD-Hedged)
MCAD.TO,Premium Cash Management Fund
DXV.TO,Dynamic Active Investment Grade Floating Rate ETF
HEWB.TO,Global X Equal Weight Canadian Banks Index Corporate Class ETF
ILGB.TO,IA Clarington Loomis Global Multisector Bond Fund ETF
PFH-F.TO,Invesco Fundamental High Yield Corporate Bond Index ETF
CIE.NE,iShares International Fundamental Index ETF Common Class
DXU.TO,Dynamic Active U.S. Dividend ETF
VMO.TO,Vanguard Global Momentum Factor ETF CAD
CYH.TO,iShares Global Monthly Dividend Index ETF (CAD-Hedged) Common Class
ZWS.TO,BMO US High Dividend Covered Call Hedged to CAD ETF
HBAL.TO,Global X Balanced Asset Allocation ETF
NSCC.TO,NBI Sustainable Canadian Corporate Bond ETF
NPRF.TO,NBI Active Canadian Preferred Shares ETF
XTLH.TO,iShares 20+ Year U.S. Treasury Bond Index ETF (CAD-Hedged)
SVR.TO,iShares Silver Bullion ETF (CAD-Hedged)
SVR-C.TO,iShares Silver Bullion ETF (Non-Hedged)
HSU.TO,BetaPro S&P 500 2x Daily Bull ETF
RUDH.TO,RBC Quant U.S. Dividend Leaders (CAD Hedged) ETF
XTLT.TO,iShares 20+ Year U.S. Treasury Bond Index ETF
IUMF.TO,INVESCO RUSSELL 1000 DYN MF IDX
IUMF-F.TO,Invesco Russell 1000 Dynamic-Multifactor Index ETF CAD Hedged
XCS.TO,iShares S&P/TSX Small Cap Index ETF
HBA.TO,Hamilton Australian Bank Equal-Weight Index ETF
GDPY.TO,Guardian Directed Premium Yield Portfolio Hedge ETF Units
GDPY-B.TO,Guardian Directed Premium Yield Portfolio ETF Units
XSE.TO,iShares Conservative Strategic Fixed Income ETF
XCNS.TO,iShares Core Conservative Balanced ETF Portfolio
QCE.TO,Mackenzie Canadian Large Cap Equity Index ETF
RBO.TO,RBC 1-5 Year Laddered Canadian Corporate Bond ETF
HFIN.TO,Hamilton Enhanced Canadian Financials ETF
HNU.TO,BetaPro Natural Gas Leveraged Daily Bull ETF
HXH.TO,Global X Canadian High Dividend Index Corporate Class ETF
GIGC.TO,Guardian Investment Grade Corporate Bond ETF
QQCE.TO,Invesco ESG NASDAQ 100 ETF
QQCE-F.TO,Invesco ESG NASDAQ 100 ETF Hedged
CUSM-B.NE,CI U.S. 1000 Index ETF
PABF.TO,Purpose Active Balanced Fund ETF
DXB.TO,Dynamic Active Tactical Bond ETF
ESPX-B.TO,Evolve S&P 500 Enhanced Yield Fund CAD Unhedged
ESPX.TO,Evolve S&P 500 Enhanced Yield Fund CAD Hedged
LMAX.TO,Hamilton Healthcare YIELD MAXIMIZER ETF
QQQX-U.TO,Global X Nasdaq-100 Index ETF
QQQX.TO,Global X Nasdaq-100 Index ETF
QASH.TO,MACKENZIE CDN ULTRA SHORT BOND
ZWT.TO,BMO Covered Call Technology ETF
TLF.TO,Brompton Tech Leaders Income ETF
TCSB.TO,TD Select Short Term Corporate Bond Ladder ETF
CBND.TO,Manulife Smart Corporate Bond ETF
CLU.NE,iShares US Fundamental Index ETF (CAD-Hedged) Common Class
ZUD.TO,BMO US Dividend Hedged to CAD ETF
YTSL.NE,Tesla (TSLA) Yield Shares Purpose ETF
TINF.TO,TD Active Global Infrastructure Equity ETF
MREL.TO,Middlefield Real Estate Dividend ETF
BSKT.TO,Manulife Smart Core Bond ETF
QGB.NE,AGF Systematic Global Multi-Sector Bond ETF
BGDV.NE,BMO Global Dividend Opportunities Active ETF Series
HAL.TO,Global X Active Canadian Dividend ETF Common
FCCQ.TO,Fidelity Canadian High Quality ETF
RLB.TO,RBC 1-5 Year Laddered Canadian Bond ETF
XID.TO,iShares India Index ETF
XQLT.TO,iShares MSCI USA Quality Factor Index ETF
XEN.TO,iShares Jantzi Social Index ETF
MGB.TO,Mackenzie Core Plus Global Fixed Income ETF
ZCB.TO,BMO Corporate Bond Index ETF
XEB.TO,iShares J.P. Morgan USD Emerging Markets Bond Index ETF (CAD-Hedged)
EMAX.TO,Hamilton Energy YIELD MAXIMIZER ETF
CJP.NE,iShares Japan Fundamental Index ETF (CAD-Hedged) Common Class
SITE.NE,Scotia Emerging Markets Equity Index Tracker ETF
BGU-U.TO,Bristol Gate Concentrated US Equity ETF
BGU.TO,Bristol Gate Concentrated US Equity ETF
QEF.NE,AGF Systematic Global ESG Factors ETF
XMI.TO,iShares MSCI Min Vol EAFE Index ETF
AMAX.TO,Hamilton Gold Producer YIELD MAXIMIZER ETF
HLIF.TO,Harvest Canadian Equity Income Leaders ETF Class A Inc
FCIM.NE,Fidelity International Momentum ETF
ZSDB.TO,BMO Short-Term Discount Bond ETF
HBND.TO,Hamilton U.S. Bond YIELD MAXIMIZER ETF
ETHI.TO,Global X Global Sustainability Leaders Index ETF
CAGG.TO,CI Canadian Aggregate Bond Index ETF
MUS.TO,Mackenzie Maximum Diversification US Index ETF
HLPR.TO,Global X Laddered Canadian Preferred Share Index Corporate Class ETF
HGU.TO,BetaPro Canadian Gold Miners 2x Daily Bull ETF
PCON.TO,PIMCO Managed Conservative Bond Pool ETF
XCH.TO,iShares China Index ETF
ZSB.TO,BMO Short-Term Bond Index ETF
PFAE.TO,Picton Mahoney Fortified Active Extension Alternative Fund ETF
HURA.TO,Global X Uranium Index ETF
CHPS-U.TO,Global X Semiconductor Index ETF
CHPS.TO,Global X Semiconductor Index ETF
BESG.TO,Invesco ESG Canadian Core Plus Bond ETF
ZFH.TO,BMO Floating Rate High Yield ETF
FCII.TO,Franklin ClearBridge Sustainable Global Infrastructure Income Fund ETF
FINN.NE,Fidelity Global Innovators ETF
HXX.TO,Global X Europe 50 Index Corporate Class ETF
HXE.TO,Global X S&P/TSX Capped Energy Index Corporate Class ETF
CBNK.TO,Mulvihill Canadian Bank Enhanced Y ETF
FCIL.NE,Fidelity International Low Volatility ETF
FCCL.NE,FIDELITY CANADIAN LOW VOLATILIT
WOMN.TO,BMO Women In Leadership Fund Series ETF
VA.TO,Vanguard FTSE Developed Asia Pacific All Cap Index ETF
HXEM.TO,Global X Emerging Markets Equity Index Corporate Class ETF
ENCL.TO,Global X Enhanced Canadian Oil and Gas Equity Covered Call ETF CAD
MINN.TO,Middlefield Innovation Dividend ETF
FCCM.NE,Fidelity Canadian Momentum ETF
DLR.TO,Global X U.S. Dollar Currency ETF
XSTB.TO,iShares ESG Aware Canadian Short Term Bond Index ETF
CVD.TO,iShares Convertible Bond Index ETF Common
GGRO.TO,iShares ESG Growth ETF Portfolio
CGLO.TO,CIBC Global Growth ETF
CRQ.NE,iShares Canadian Fundamental Index ETF Common Class
FLI.TO,CI U.S. & Canada Lifeco Covered Call ETF (Hedged Common Units)
BGRT.NE,BMO Global REIT Active ETF Series
PINC.TO,Purpose Multi-Asset Income Fund ETF
ZEQT.TO,BMO All-Equity ETF
PRA.TO,Purpose Diversified Real Asset Fund Series ETF
ZLH.TO,BMO Low Volatility US Equity Hedged to CAD ETF
BKCL.TO,Global X Enhanced Equal Weight Canadian Banks Covered Call ETF
SRIU.NE,Scotia Responsible Investing US Equity Index ETF
HUTS.TO,Hamilton Enhanced Utilities ETF
ESGA.TO,BMO MSCI Canada ESG Leaders Index ETF
DLR-U.TO,Global X U.S. Dollar Currency ETF
ESGE.TO,BMO MSCI EAFE ESG Leaders Index ETF
CGRE.TO,CI Global REIT Private Pool - ETF C$ Series
XGI.TO,iShares S&P Global Industrials Index ETF (CAD-Hedged)
PID.TO,Purpose International Dividend Fund Series ETF
NACO.NE,Ninepoint Alternative Credit Opportunities Fund Series ETF
BDIV.TO,Brompton Global Dividend Growth ETF
HMMJ-U.TO,Global X Marijuana Life Sciences Index ETF
HMMJ.TO,Global X Marijuana Life Sciences Index ETF
VGV.TO,Vanguard Canadian Government Bond Index ETF
XCV.TO,iShares Canadian Value Index ETF
TLF-U.TO,Brompton Tech Leaders Income ETF
GEQT.TO,iShares ESG Equity ETF Portfolio
ZRR.TO,BMO Real Return Bond Index ETF
HOU.TO,BetaPro Crude Oil Daily Bull ETF
TLV.TO,Invesco S&P/TSX Composite Low Volatility Index ETF
CLU-C.NE,iShares US Fundamental Index ETF Common Class
CNDX.TO,Global X S&P/TSX 60 Index ETF
ZCH.TO,BMO MSCI China ESG Leaders Index ETF
PR.TO,Lysander-Slater Preferred Share ActivETF
XCG.TO,iShares Canadian Growth Index ETF
CGDV.TO,CI Global Minimum Downside Volatility Index ETF (Hedged Common Units)
CGDV-B.TO,CI Global Minimum Downside Volatility Index ETF (Unhedged Common Units)
HRAA.TO,Global X ReSolve Adaptive Asset Allocation Corporate Class ETF
CESG.NE,CI MSCI World ESG Impact Index ETF - Common Units
CESG-B.NE,CI MSCI World ESG Impact Index ETF - Unhedged Common Units
MNU-U.TO,Purpose USD Cash Management ETF
MBAL.TO,Mackenzie Balanced Allocation ETF
FST.TO,First Trust Canadian Capital Strength ETF Common
HXF.TO,Global X S&P/TSX Capped Financials Index Corporate Class ETF
TGRO.TO,TD Growth ETF Portfolio
DCG.TO,Desjardins 1-5 Year Laddered Canadian Government Bond Index ETF
FLCI.TO,Franklin Canadian Corporate Bond Fund ETF
FCID.TO,Fidelity International High Dividend ETF
BASE-B.TO,Evolve Global Materials & Mining Enhanced Yield Index ETF Unhedged
BASE.TO,Evolve Global Materials & Mining Enhanced Yield Index ETF
MULC.TO,Manulife Multifactor U.S. Large Cap Index ETF (Hedged)
MULC-B.TO,Manulife Multifactor U.S. Large Cap Index ETF (Unhedged)
GBAL.TO,iShares ESG Balanced ETF Portfolio
ESGC.TO,Invesco S&P/TSX Composite ESG Index ETF
DRFE.TO,Desjardins RI Emerging Markets Multifactor - Net-Zero Emissions Pathway ETF
XCD.TO,iShares S&P Global Consumer Discretionary Index ETF (CAD-Hedged)
USCL.TO,Global X Enhanced S&P 500 Covered Call ETF
ZCLN.TO,BMO Clean Energy Index ETF
HCA.TO,Hamilton Canadian Bank Mean Reversion Index ETF
PAGF.TO,Purpose Active Growth Fund ETF
CINT.TO,CIBC International Equity ETF
ZFC.TO,BMO SIA Focused Canadian Equity Fund ETF Series
TGRE.TO,TD Active Global Real Estate Equity ETF
ZLE.TO,BMO Low Volatility Emerging Markets Equity ETF
HND.TO,BetaPro Natural Gas Inverse Leveraged Daily Bear ETF
LONG.TO,CI Global Longevity Economy Fund Series ETF
QXM.TO,CI Morningstar National Bank Qu√©bec Index ETF Common
ZJG.TO,BMO Junior Gold Index ETF
SITC.NE,Scotia Canadian Large Cap Equity Index Tracker ETF
CGRA.TO,CI Global Real Asset Private Pool - ETF C$ Series
HQD-U.TO,BetaPro NASDAQ-100 -2x Daily Bear ETF
HQD.TO,BetaPro NASDAQ-100 -2x Daily Bear ETF
XDGH.TO,iShares Core MSCI Global Quality Dividend Index ETF (CAD-Hedged)
TILV.TO,TD Q International Low Volatility ETF
MEE.TO,Mackenzie Maximum Diversification Emerging Markets Index ETF
GIES.TO,Guardian International Equity Select ETF
ZIU.TO,BMO S&P/TSX 60 Index ETF
GUTB-U.TO,Guardian Ultra-Short US T-Bill Fund
GCFE.TO,Guardian Canadian Focused Equity ETF
QLB.TO,Mackenzie Canadian Government Long Bond Index ETF
XAGH.TO,iShares U.S. Aggregate Bond Index ETF (CAD-Hedged)
XAGG.TO,iShares U.S. Aggregate Bond Index ETF
HZU.TO,BetaPro Silver 2x Daily Bull ETF
XIGS.TO,iShares 1-5 Year U.S. IG Corporate Bond Index ETF (CAD-Hedged)
XSHU.TO,iShares 1-5 Year U.S. IG Corporate Bond Index ETF
HGY.TO,Global X Gold Yield ETF Common
IIMF-F.TO,Invesco International Developed Dynamic-Multifactor Index ETF CAD Hedged
IIMF.TO,INVESCO INTL DEV DYN MF IDX ETF
DXO.TO,Dynamic Active Crossover Bond ETF
MDIV.TO,Middlefield Sustainable Global Dividend ETF
XDUH.TO,iShares Core MSCI US Quality Dividend Index ETF (CAD-Hedged)
VALT-B.TO,CI Gold Bullion Fund UnHedged
VALT.TO,CI Gold Bullion Fund Hedged
HYBR.TO,Global X Active Hybrid Bond and Preferred Share ETF Common
ZGD.TO,BMO Equal Weight Global Gold Index ETF
CEMI.TO,CIBC Emerging Markets Equity Index ETF
ZESG.TO,BMO Balanced ESG ETF
HTAE.TO,Harvest Tech Achievers Enhanced Income ETF - Class A Units
BMAX.TO,Brompton Enhanced Multi-Asset Income ETF
BEPR.TO,Brompton Flaherty & Crumrine Enhanced Investment Grade Preferred ETF
DRME.TO,Desjardins RI Emerging Markets-Net - Zero Emissions Pathway ETF
HSD.TO,BetaPro S&P 500 -2x Daily Bear ETF
SBT-B.TO,Silver Bullion Trust ETF Non-Currency Hedged Units
HOD.TO,BetaPro Crude Oil Inverse Leveraged Daily Bear ETF
XSC.TO,iShares Conservative Short Term Strategic Fixed Income ETF
ESGB.TO,BMO ESG Corporate Bond Index ETF
RGQO.TO,RBC Target 2026 Government Bond ETF
PDIV.TO,Purpose Enhanced Dividend Fund ETF shares
XMM.TO,iShares MSCI Min Vol Emerging Markets Index ETF
ZACE.TO,BMO U.S. All Cap Equity Fund ETF Series
FMAX.TO,Hamilton U.S. Financials YIELD MAXIMIZER ETF
FLJA.NE,Franklin FTSE Japan Index ETF
TULV.TO,TD Q U.S. Low Volatility ETF
GDEP-B.TO,Guardian Directed Equity Path Portfolio ETF Units
GDEP.TO,Guardian Directed Equity Path Portfolio Hedge ETF Units
FLUS.TO,Franklin U.S. Large Cap Multifactor Index ETF
RBOT.TO,Global X Robotics & AI Index ETF
FPR.TO,CI Preferred Share ETF
QIE.TO,AGF Systematic International Equity ETF
ONEQ.TO,CI ONE Global Equity ETF
CCBI.TO,CIBC Canadian Bond Index ETF
ZXM-B.TO,CI Morningstar International Momentum Index ETF Common Units (Unhedged)
ZXM.TO,CI Morningstar International Momentum Index ETF Common Units (CAD Hedged)
CAGS.TO,CI Canadian Short-Term Aggregate Bond Index ETF
ETHQ-U.TO,3iQ Ether Staking ETF
ETHQ.TO,3iQ Ether Staking ETF
BEPR-U.TO,Brompton Flaherty & Crumrine Enhanced Investment Grade Preferred ETF
HIG.TO,Brompton Global Healthcare Income & Growth ETF
TULB.TO,TD U.S. Long Term Treasury Bond ETF
ZVC.TO,BMO MSCI Canada Value Index ETF
FCQH.TO,Fidelity U.S. High Quality Currency Neutral ETF
CWO.NE,iShares Emerging Markets Fundamental Index ETF Common Class
RGQR.TO,RBC Target 2029 Government Bond ETF
THU.TO,TD U.S. Equity CAD Hedged Index ETF
ZMSB.TO,BMO Sustainable Global Multi-Sector Bond Fund Series ETF
TBAL.TO,TD Balanced ETF Portfolio
CIBR.TO,First Trust NASDAQ Cybersecurity ETF
BFIN.TO,Brompton North American Financials Dividend ETF
FCRR.TO,Fidelity U.S. Dividend for Rising Rates ETF
MUMC.TO,Manulife Multifactor U.S. Mid Cap Index ETF (Hedged)
MUMC-B.TO,Manulife Multifactor U.S. Mid Cap Index ETF (Unhedged)
RGQL.TO,RBC Target 2024 Government Bond ETF
DIVS.TO,Evolve Active Canadian Preferred Share Fund
YAMZ.NE,Amazon (AMZN) Yield Shares Purpose ETF
CXF.TO,CI Canadian Convertible Bond ETF Common
ZIN.TO,BMO Equal Weight Industrials Index ETF
RGQN.TO,RBC Target 2025 Government Bond ETF
PXU-F.TO,Invesco FTSE RAFI U.S. Index ETF
XAGG-U.TO,iShares U.S. Aggregate Bond Index ETF
HXU.TO,BetaPro S&P/TSX 60 2x Daily Bull ETF
HFG.TO,Hamilton Global Financials ETF
HEU.TO,BetaPro S&P/TSX Capped Energy 2x Daily Bull ETF
ICPB.TO,IA Clarington Core Plus Bond Fund Series ETF
FCRR-U.TO,Fidelity U.S. Dividend for Rising Rates Index ETF
SPAY.TO,Global X Short-Term U.S. Treasury Premium Yield ETF USD
SPAY-U.TO,Global X Short-Term U.S. Treasury Premium Yield ETF USD
HCRE.TO,Global X Equal Weight Canadian REITs Index Corporate Class ETF
HCON.TO,Global X Conservative Asset Allocation ETF
CIEI.TO,CIBC International Equity Index ETF
UDA.TO,Caldwell U.S. Dividend Advantage Fund
XSMC.TO,iShares S&P U.S. Small-Cap Index ETF
UCSH-U.TO,Global X USD High Interest Savings ETF
MWLV.TO,Mackenzie World Low Volatility ETF
THE.TO,TD International Equity CAD Hedged Index ETF
VALT-U.TO,CI Gold Bullion Fund
AUGB-F.TO,First Trust Vest U.S. Equity Buffer ETF - August
XSI.TO,iShares Short Term Strategic Fixed Income ETF
FSL.TO,First Trust Senior Loan ETF (CAD-Hedged) Common
NUSA.TO,NBI Active U.S. Equity ETF
RIDH.TO,RBC Quant EAFE Dividend Leaders (CAD Hedged) ETF
PACF.TO,Purpose Active Conservative Fund ETF
ZUS-V.TO,BMO Ultra Short-Term US Bond ETF (US Dollar Accumulating Units)
ZUS-U.TO,BMO Ultra Short-Term US Bond ETF (US Dollar Units)
ZWEN.TO,BMO Covered Call Energy ETF
NSSB.TO,NBI Sustainable Canadian Short Term Bond ETF
MUSA.TO,Middlefield US Equity Dividend ETF
QEE.TO,Mackenzie Emerging Markets Equity Index ETF
ZCON.TO,BMO Conservative ETF
DRCU.TO,Desjardins RI Active Canadian Bond - Net-Zero Emissions Pathway ETF
FINO.TO,Franklin Innovation Fund ETF
DXGE.TO,Dynamic Active Global Equity Income ETF
ZCDB.TO,BMO Corporate Discount Bond ETF
ETSX.TO,Evolve S&P/TSX 60 Enhanced Yield Fund CAD Unhedged
FEBB-F.TO,First Trust Vest U.S. Equity Buffer ETF - February
ZVU.TO,BMO MSCI USA Value Index ETF
ETC.TO,Evolve Cryptocurrencies ETF
QAH.TO,Mackenzie US Large Cap Equity Index ETF (CAD-Hedged)
ZLSU.TO,BMO Long Short US Equity ETF
SRIB.NE,Scotia Responsible Investing Canadian Bond Index ETF
QQCL.TO,Global X Enhanced NASDAQ-100 Covered Call ETF
ZMT.TO,BMO Equal Weight Global Base Metals Hedged to CAD Index ETF
QUB.TO,Mackenzie U.S. Aggregate Bond Index ETF (CAD-Hedged)
ESGG.TO,BMO MSCI Global ESG Leaders Index ETF
HAD.TO,Global X Active Canadian Bond ETF Common
QDXH.TO,Mackenzie International Equity Index ETF (CAD-Hedged)
ZBI.TO,BMO Canadian Bank Income Index ETF
ZWQT.TO,BMO Global Enhanced Income Fund Series ETF
XMS.TO,iShares MSCI Min Vol USA Index ETF (CAD-Hedged)
DRMC.TO,Desjardins RI Canada - Net-Zero Emissions Pathway ETF
RDBH.TO,RBC U.S. Discount Bond CAD Hedged ETF
TBUE-U.TO,TD Target 2025 U.S. Investment Grade Bond ETF
MPAY.TO,Global X Mid-Term U.S. Treasury Premium Yield ETF USD
MPAY-U.TO,Global X Mid-Term U.S. Treasury Premium Yield ETF USD
XINC.TO,iShares Core Income Balanced ETF Portfolio
ZPAY-F.TO,BMO Premium Yield ETF (Hedged Units)
MUSD-U.TO,US Premium Cash Management Fund ETF
QHY.TO,Mackenzie US High Yield Bond Index ETF (CAD-Hedged)
RGQQ.TO,RBC Target 2028 Government Bond ETF
HHLE.TO,Harvest Healthcare Leaders Enhanced Income ETF - Class A Units
QSB.TO,Mackenzie Canadian Short-Term Bond Index ETF
FCVH.TO,Fidelity U.S. Value Currency Neutral ETF
XCBG.TO,iShares ESG Advanced Canadian Corporate Bond Index ETF
RPSB.TO,RBC PH&N Short Term Canadian Bond ETF
TBCE.TO,TD Target 2025 Investment Grade Bond ETF
FCUH.TO,Fidelity U.S. High Dividend Currency Neutral ETF
MGRW.TO,Mackenzie Growth Allocation ETF
BXF.TO,CI 1-5 Year Laddered Government Strip Bond Index ETF Common
RDE.NE,Purpose Core Equity Income Fund ETF Series
TGGR.TO,TD Active Global Equity Growth ETF
RCDC.TO,RBC Canadian Dividend Covered Call ETF
TIF.NE,NinePoint Target Income Fund ETF
PFMS.TO,Picton Mahoney Fortified Multi-Strategy Alternative Fund ETF
STPL.TO,BMO Global Consumer Staples Hedged to CAD Index ETF
LPAY-U.TO,Global X Long-Term U.S. Treasury Premium Yield ETF USD
LPAY.TO,Global X Long-Term U.S. Treasury Premium Yield ETF USD
HAF.TO,Global X Active Global Fixed Income ETF
SRII.NE,Scotia Responsible Investing International Equity Index ETF
INOC.TO,Global X Inovestor Canadian Equity Index ETF
DISC.TO,BMO Global Consumer Discretionary Hedged to CAD Index ETF
HMP.TO,Global X Active Canadian Municipal Bond ETF E
TCON.TO,TD Conservative ETF Portfolio
PMM.TO,Purpose Multi-Strategy Market Neutral Fund Series ETF
TCLV.TO,TD Q Canadian Low Volatility ETF
FHG.TO,FT AlphaDEX U.S. Industrials Sector Index ETF
RGQP.TO,RBC Target 2027 Government Bond ETF
EMV-B.TO,CI Emerging Markets Dividend Index ETF
MCON.TO,Mackenzie Conservative Allocation ETF
DXUS.TO,Dynamic Active U.S. Equity ETF
HFU.TO,BetaPro S&P/TSX Capped Financials 2x Daily Bull ETF
TBIL.TO,HARVEST CANADIAN T BILL ETF
PPLN.TO,Global X Pipelines & Energy Services Index ETF
XML.TO,iShares MSCI Min Vol EAFE Index ETF (CAD-Hedged)
CMOM-B.TO,CI U.S. Enhanced Momentum Index ETF (Unhedged Common Units)
HDGE.TO,Accelerate Absolute Return Fund
TBCG.TO,TD Target 2027 Investment Grade Bond ETF
DXN.TO,Dynamic Active Global Infrastructure ETF
CARS-B.TO,Evolve Automobile Innovation Index Fund - UnHedged Units
CARS.TO,Evolve Automobile Innovation Index Fund - Hedged Units
VVO.TO,Vanguard Global Minimum Volatility ETF CAD
XFLB.TO,iShares Core Canadian 15+ Year Federal Bond Index ETF
COMM.TO,BMO Global Communications Index ETF
MINF.TO,Middlefield Sustainable Infrastructure Dividend ETF
QQQY.TO,Evolve NASDAQ Technology Enhanced Yield Index Fund
RPU.NE,Purpose U.S. Preferred Share Fund ETF
RPU-U.NE,Purpose U.S. Preferred Share Fund ETF (Non-FX Hedged)
HXD.TO,BetaPro S&P/TSX 60 -2x Daily Bear ETF
UMI.TO,CI U.S. MidCap Dividend Index ETF
UMI-B.TO,CI WisdomTree U.S. MidCap Dividend Index ETF NonHedged
ZQB.TO,BMO High Quality Corporate Bond Index ETF
GIQG.TO,Guardian i3 Global Quality Growth ETF Hedged
GIQG-B.TO,Guardian i3 Global Quality Growth ETF Unhedged
FHQ.TO,FT AlphaDEX U.S. Technology Sector Index ETF
FHQ-F.TO,FT AlphaDEX U.S. Technology Sector Index ETF Hedged
ZPH.TO,BMO US Put Write Hedged to CAD ETF
DXBC.TO,Dynamic Active Canadian Bond ETF
HCLN.TO,Harvest Clean Energy ETF Class A units
DXZ.TO,Dynamic Active U.S. Mid-Cap ETF
HGD.TO,BetaPro Canadian Gold Miners -2x Daily Bear ETF
MXU.TO,Mackenzie Maximum Diversification All World Developed ex North America Index ETF
HUZ.TO,Global X Silver ETF
DXBU.TO,Dynamic Active U.S. Investment Grade Bond ETF
YNVD.NE,NVIDIA (NVDA) Yield Shares Purpose ETF
HUM.TO,Hamilton U.S. Mid-Cap Financials ETF
ARB.TO,Accelerate Arbitrage Fund
CGRO.TO,CI Growth Asset Allocation ETF Common Units
FJFB.NE,First Trust JFL Fixed Inc Core Plus ETF
ZLD.TO,BMO Low Volatility International Equity Hedged to CAD ETF
XEMC.TO,iShares MSCI Emerging Markets ex China Index ETF
HUC.TO,Global X Crude Oil ETF
PBI.TO,Purpose Best Ideas Fund Series ETF
EARN.TO,Evolve Active Global Fixed Income Fund
CSGE.NE,CIBC Sustainable Global Equity ETF
COPP.TO,Global X Copper Producers Index ETF
GCNS.TO,iShares ESG Conservative Balanced ETF Portfolio
EDGF.TO,Brompton European Dividend Growth ETF
ESGF.TO,BMO ESG US Corporate Bond Hedged to CAD Index ETF
QCH.NE,Mackenzie China A-Shares CSI 300 Index ETF
PIN.TO,Purpose Monthly Income Fund Series ETF
GCSC.TO,Guardian Canadian Sector Controlled Equity Fund
TKN.TO,Ninepoint Web3 Innovators Fund
TKN-U.TO,Ninepoint Web3 Innovators Fund
BGC.TO,Bristol Gate Concentrated Canadian Equity ETF
HIU.TO,BetaPro S&P 500 Daily Inverse ETF
HBLK.TO,Blockchain Technologies ETF
ETC-U.TO,Evolve Cryptocurrencies ETF
FCGI.TO,Fidelity Global Monthly High Income ETF
EVO.TO,Evovest Global Equity ETF
QEBL.TO,Mackenzie Emerging Markets Local Currency Bond Index ETF
XSMH.TO,iShares S&P U.S. Small-Cap Index ETF (CAD-Hedged)
TBCF.TO,TD Target 2026 Investment Grade Bond ETF
CTIP.NE,CI U.S. Treasury Inflation-linked Bond Index ETF (CAD Hedged)
NOVB-F.TO,First Trust Vest U.S. Equity Buffer ETF - November
GIQU-B.TO,Guardian i3 US Quality Growth ETF Unhedged
GIQU.TO,Guardian i3 US Quality Growth ETF Hedged
IUAE-F.TO,Invesco S&P US Dividend Aristocrats ESG Index ETF Hedged
IUAE.TO,Invesco S&P US Dividend Aristocrats ESG Index ETF
HERO.TO,Evolve E-Gaming Index ETF
DXW.TO,Dynamic Active International Dividend ETF
HUV.TO,BetaPro S&P 500 VIX Short-Term Futures ETF
CBAL.TO,CI Balanced Asset Allocation ETF Common Units
FETH.TO,Fidelity Advantage Ether ETF - L
FETH-U.TO,Fidelity Advantage Ether ETF - L
GRNI.TO,BMO Brookfield Global Renewables Infrastructure Fund ETF
ZHP.TO,BMO US Preferred Share Hedged to CAD Index ETF
BREA.TO,Brompton Sustainable Real Assets Dividend ETF
ZBBB.TO,BMO BBB Corporate Bond Index ETF
CMNY.TO,CI Money Market ETF C$ Series
PBD.TO,Purpose Total Return Bond Fund Series ETF
PHR.TO,Purpose Real Estate Income Fund ETF Share
CGAA.TO,CI Global Asset Allocation Private Pool ETF
RTT.NE,Purpose Tactical Thematic ETF
YGOG.NE,Alphabet (GOOGL) Yield Shares Purpose ETF
REM.NE,Purpose Emerging Markets Dividend Fund ETF
PHE-B.TO,Purpose Tactical Hedged Equity Fund Ser ETF Non-Ccy Hdg
HBGD.TO,Global X Big Data & Hardware Index ETF
HBGD-U.TO,Global X Big Data & Hardware Index ETF
HLIT.TO,Global X Lithium Producers Index ETF
HUG.TO,Global X Gold ETF
HGR.TO,Harvest Global REIT Leaders Income ETF
LEAD.TO,Evolve Future Leadership Hedged
LEAD-B.TO,Evolve Future Leadership Unhedged
XVLU.TO,iShares MSCI USA Value Factor Index ETF
GDIV.NE,Manulife Smart Global Dividend ETF Portfolio
ONEC.TO,Accelerate OneChoice Alternative Portfolio ETF
HUN.TO,Global X Natural Gas ETF
ETP.TO,First Trust Global Risk Managed Income Index ETF Common
DATA.TO,Evolve Cloud Computing Index Fund ETF Hedged
RUDC.TO,RBC U.S. Dividend Covered Call ETF
PLV.TO,Invesco Low Volatility Portfolio ETF
TBNK.TO,TD Canadian Bank Dividend Index ETF
GBFA.NE,GuardBdsTM 2024 Investment Grade Bd ETF
HGGG.TO,Harvest Global Gold Giants Index ETF
HBU.TO,BetaPro Gold Bullion 2x Daily Bull ETF
XEXP.TO,iShares Exponential Technologies Index ETF CAD
ZAPR.NE,BMO US Equity Buffer Hedged to CAD ETF - April
XSHG.TO,iShares ESG Advanced 1-5 Year Canadian Corporate Bond Index ETF
RPDH.TO,RBC Quant European Dividend Leaders (CAD Hedged) ETF
APLY.NE,Apple (AAPL) Yield Shares Purpose ETF
ZWHC.TO,BMO Covered Call Health Care ETF
NDIV.TO,NBI Canadian Dividend Income ETF
CSBG.NE,CIBC Sustainable Balanced Growth Solution ETF
XHAK.TO,iShares Cybersecurity and Tech Index ETF USD
CNCL.TO,Global X Enhanced S&P/TSX 60 Covered Call ETF
MIVG.TO,Mackenzie Ivy Global Equity ETF
HUTE.TO,Harvest Equal Weight Global Utilities Enhanced Income ETF - Class A Units
AGSG.NE,AGF Global Sustainable Growth Equity ETF
XMY.TO,iShares MSCI Min Vol Global Index ETF (CAD-Hedged)
DRFG.TO,Desjardins RI Global Multifactor Fossil Fuel Reserves Free ETF
XCHP.TO,iShares Semiconductor Index ETF
MCSB.TO,Mackenzie Canadian Short Term Fixed Income ETF
ZHU.TO,BMO Equal Weight US Health Care Index ETF
QDXB.TO,Mackenzie Developed ex-North America Aggregate Bond Index ETF (CAD-Hedged)
BITI.TO,BetaPro Inverse Bitcoin ETF
BITI-U.TO,BetaPro Inverse Bitcoin ETF
MDVD-U.TO,Mackenzie Global Sustainable Dividend Index ETF
FHH.TO,FT AlphaDEX U.S. Health Care Sector Index ETF
FHH-F.TO,First Trust AlphaDEX U.S. Health Care Sector Index ETF Hedged
MAYB-F.TO,First Trust Vest U.S. Equity Buffer ETF - May
INAI-F.TO,Invesco Morningstar Global Next Gen AI Index ETF (CAD Hedged)
BUFR.NE,First Trust Vest Fund of Buffer ETFs (Canada) ETF
FLEM.NE,Franklin Emerging Markets Equity Index ETF
FLGD.TO,Franklin Global Dividend Quality Index ETF
SCGR.NE,Starlight Global Real Estate Fund ETF
ZLSC.TO,BMO Long Short Canadian Equity ETF
QQEQ.TO,Invesco NASDAQ 100 Equal Weight Index ETF
QQEQ-F.TO,Invesco NASDAQ 100 Equal Weight Index ETF Hedged
BNKL.TO,Global X Enhanced Equal Weight Banks Index ETF
EQCL.TO,Global X Enhanced All-Equity Asset Allocation Covered Call ETF CAD
DXR.TO,Dynamic Active Retirement Income ETF
DCS.TO,Desjardins Canadian Short Term Bond Index ETF
HRIF.TO,Harvest Diversified Equity Income ETF - Class A Units
DXF.TO,Dynamic Active Global Financial Services ETF
FINT.TO,First Trust International Capital Strength ETF
FCRH.TO,Fidelity U.S. Dividend for Rising Rates Currency Neutral ETF
UTIL.TO,Global X Canadian Utility Services High Dividend Index ETF
FINE.TO,Forstrong Global Ex-North America Equity ETF
PAYF.TO,Purpose Enhanced Premium Yield Fund
BRKY.NE,Berkshire Hathaway (BRK) Yield Shares Purpose ETF
HIX.TO,BetaPro S&P/TSX 60 Daily Inverse ETF
CSBI.TO,CIBC Canadian Short-Term Bond Index ETF
GBFC.NE,GuardBondsTM 2026 Investment Grade Bond Fund ETF Units
EACC.NE,Global X MSCI EAFE Covered Call ETF
HGRW.TO,Global X Growth Asset Allocation ETF CAD
FDL.TO,First Trust Morningstar Dividend Leaders ETF (CAD-Hedged)
BLOV.TO,Brompton North American Low Volatility Dividend ETF
QCLN.TO,First Trust Nasdaq Clean Edge Green Energy ETF
FCLS.NE,Fidelity Canadian Long/Short Alternative ETF
PREF.TO,Quadravest Preferred Split Share ETF
MCKG.NE,Mackenzie Corporate Knights Global 100 Index ETF
MSFY.NE,Microsoft (MSFT) Yield Shares Purpose ETF
XCLN.TO,iShares Global Clean Energy Index ETF CAD
CFLX.TO,CIBC Flexible Yield ETF (CAD-Hedged)
PBI-B.TO,Purpose Best Ideas Fund Series ETF Non-Currency Hedged
RQS.TO,RBC TARGET 2030 CDN CORP BOND I
FIXD.NE,Evolve Active Core Fixed Income ETF
SCGI.NE,Starlight Global Infrastructure Fund ETF
HZD.TO,BetaPro Silver -2x Daily Bear ETF
HFD.TO,BetaPro S&P/TSX Capped Financials -2x Daily Bear ETF
TUSB.TO,TD Select U.S. Short Term Corporate Bond Ladder ETF
GBFB.NE,GuardBondsTM 2025 Investment Grade Bond Fund ETF Units
GBLF.NE,GuardBondsTM 1-3 Year Laddered Investment Grade Bond Fund ETF Units
HIND.TO,Harvest Industrial Leaders Income ETF Class A
FLDM.TO,Franklin International Multifactor Index ETF
XAD.TO,iShares U.S. Aerospace & Defense Index ETF
BNC.TO,Purpose Canadian Financial Income Fund Series ETF
ICAE.TO,Invesco S&P/TSX Canadian Dividend Aristocrats ESG Index ETF
MDVD.TO,Mackenzie Global Sustainable Dividend Index ETF
SBT.TO,Silver Bullion Trust ETF Currency Hedged Units
RGQS.TO,RBC Target 2030 Canadian Government Bond ETF
MEU.TO,Mackenzie Maximum Diversification Developed Europe Index ETF
ESGH.TO,BMO ESG High Yield US Corporate Bond Index ETF
XLVE.TO,Mulvihill U.S. Health Care Enh Y ETF
TBUF-U.TO,TD Target 2026 U.S. Investment Grade Bond ETF
FMTV.NE,Fidelity Total Metaverse ETF - L
FDN-F.TO,First Trust Dow Jones Internet ETF Hgd
FDN.TO,First Trust Dow Jones Internet ETF
TECI.TO,TD Global Technology Innovators Index ETF
FCLH.NE,FIDELITY U.S. LOW VOLATILITY CU
EMCC.NE,Global X MSCI Emerging Markets Covered Call ETF
FCMI.TO,Fidelity Canadian Monthly High Income ETF
FOUR.TO,Global X Industry 4.0 Index ETF
QINF.TO,Mackenzie Global Infrastructure Index ETF
IUTE-F.TO,Invesco S&P US Total Market ESG Tilt Index ETF (CAD Hedged)
IUTE.TO,Invesco S&P US Total Market ESG Tilt Index ETF
CHNA-B.TO,CI ICBCCS S&P China 500 Index ETF Non-Hedged
RUQO.TO,RBC TARGET 2026 US CORP BOND ET
RUQN.TO,RBC TARGET 2025 US CORP BOND ET
RUQN-U.TO,RBC Target 2025 U.S. Corporate Bond ETF
MJJ.NE,Purpose Marijuana Opportunities Fund ETF units
MGAB.TO,Mackenzie Global Fixed Income Allocation ETF
GRCC.TO,Global X Growth Asset Allocation Covered Call ETF CAD
EHE-B.TO,CI WisdomTree Europe Hedged Equity Index ETF Non-Hedged
EHE.TO,CI Europe Hedged Equity Index ETF
MTAV.TO,Global X Metaverse Index ETF
HBKU.TO,BetaPro Equal Weight Canadian Bank 2x Daily Bull ETF
CBIN.TO,CI Balanced Income Asset Allocation ETF Common Units
FUD.TO,First Trust Value Line Dividend ETF Common
RUBH.TO,RBC U.S. Banks Yield (CAD Hedged) Index ETF
XDNA.TO,iShares Genomics Immunology and Healthcare Index ETF CAD
DXIF.TO,Dynamic Active International ETF
HEQL.TO,Global X Enhanced All-Equity Asset Allocation ETF CAD
GBFD.NE,GuardBondsTM 2027 Investment Grade Bond Fund ETF Units
LYFR.TO,Lysander-Canso Floating Rate ActivETF
SRIC.NE,Scotia Responsible Investing Canadian Equity Index ETF
MEQT.TO,MACKENZIE ALL EQUITY ALLOCATION
DRMD.TO,Desjardins RI Developed ex-USA ex-Canada - Net-Zero Emissions Pathway ETF
RUQQ.TO,RBC Target 2028 U.S. Corporate Bond ETF
RUQP.TO,RBC Target 2027 U.S. Corporate Bond ETF
UMNY-U.TO,CI U.S. Money Market ETF US$ Series
ZGRN.TO,BMO MSCI ACWI Paris Aligned Climate Equity Index ETF
ZEAT.TO,BMO Global Agriculture ETF
CARB.TO,Global X Carbon Credits ETF
XUSF.TO,iShares S&P U.S. Financials Index ETF
TCBN.TO,TD Global Carbon Credit Index ETF CAD
MUSC-B.TO,Manulife Multifactor U.S. Small Cap Index ETF (Unhedged)
MUSC.TO,Manulife Multifactor U.S. Small Cap Index ETF (Hedged)
IUFR-U.TO,Invesco US Treasury Floating Rate Note Index ETF (USD)
ARTI.TO,Evolve Artificial Intelligence Fund ETF
FJFG.NE,First Trust JFL Global Equity ETF
IITE.TO,Invesco S&P International Developed ESG Tilt Index ETF
XETM.TO,iShares S&P/TSX Energy Transition Materials Index ETF
HED.TO,BetaPro S&P/TSX Capped Energy -2x Daily Bear ETF
CBCX.TO,CI Galaxy Blockchain Index ETF CAD
XMTM.TO,iShares MSCI USA Momentum Factor Index ETF
DXEM.TO,Dynamic Active Emerging Markets ETF
IXTE.TO,Invesco S&P/TSX 60 ESG Tilt Index ETF
FGRW.TO,Forstrong Global Growth ETF
HBUG.TO,Global X GX Cybersecurity Index ETF
ZUEA.NE,BMO US Equity Accelerator Hdg to CAD ETF
TECX.TO,TD Global Technology Leaders CAD Hedged Index ETF
AIGO.TO,Global X Artificial Intelligence & Technology Index ETF
XCBU.TO,iShares U.S. IG Corporate Bond Index ETF
DXET.TO,Dynamic Active Energy Evolution ETF
ATSX.TO,Accelerate Canadian Long Short Equity Fund
HBIE.TO,Harvest Balanced Income & Growth Enhanced ETF Class A
ISTE.TO,Invesco S&P 500 ESG Tilt Index ETF
ISTE-F.TO,Invesco S&P 500 ESG Tilt Index ETF (CAD Hedged)
IUCE-F.TO,Invesco S&P US Total Market ESG Index ETF (CAD Hedged)
HREU.TO,BetaPro Equal Weight Canadian REIT 2x Daily Bull ETF
CBGR.TO,CI Balanced Growth Asset Allocation ETF Common Units
CUEH.TO,CIBC U.S. Equity Index ETF (CAD-Hedged)
SKYY.TO,First Trust Cloud Computing ETF
CIEH.TO,CIBC International Equity Index ETF (CAD-Hedged)
FINN-U.NE,Fidelity Global Innovators ETF Series L
TTTX.TO,Global X Innovative Bluechip Top 10 Index ETF
FLVU.NE,FRANKLIN U.S. LOW VOLATILITY HI
FLVC.NE,Franklin Canadian Low Volatility High Dividend Index ETF
RUQS.TO,RBC Target 2030 U.S. Corporate Bond ETF
RUQR-U.TO,RBC Target 2029 U.S. Corporate Bond ETF
RUQR.TO,RBC TARGET 2029 US CORP BOND ET
FCMH.NE,FIDELITY U.S. MOMENTUM CURRENCY
TBUG-U.TO,TD Target 2027 U.S. Investment Grade Bond ETF
BLCK.TO,First Trust Indxx Innovative Transaction and Process ETF
HBIG.TO,Harvest Balanced Income & Growth ETF Class A
QQJE.TO,Invesco ESG NASDAQ Next Gen 100 ETF
FEME.TO,Forstrong Emerging Markets Equity ETF
XCBU-U.TO,iShares U.S. IG Corporate Bond Index ETF
NXTG.TO,First Trust Indxx NextG ETF
HBD.TO,BetaPro Gold Bullion -2x Daily Bear ETF
NFAM.TO,NBI Canadian Family Business ETF
ASMD.NE,AGF U.S. SMALL-MID CAP FUND
ZGLH.TO,BMO Gold Bullion Hedged to CAD ETF
CCLN.NE,CIBC Clean Energy Index ETF
CDEF.TO,Manulife Smart Defensive Equity ETF
TUEX.TO,TD Active U.S. Enhanced Dividend CAD Hedged ETF
GPMD.TO,GuardPath Managed Decumulation 2042 Fund ETF Units
KNGC.TO,Brompton Canadian Cash Flow Kings ETF
KNGU.TO,Brompton U.S. Cash Flow Kings ETF
RUDC-U.TO,RBC US Dividend Covered Call ETF
INCM-U.TO,Accelerate Diversified Credit Income ETF
INCM.TO,Accelerate Diversified Credit Income ETF
CLML-U.TO,CI Global Climate Leaders Fund
ACAA.TO,Arrow Long/Short Alternative Class ETF
MCLV.TO,Mackenzie Canada Low Volatility ETF
QQQL.TO,Global X Enhanced Nasdaq-100 Index ETF
USSL.TO,Global X Enhanced S&P 500 Index ETF
CMAR-U.TO,CI Marret Alternative Absolute Return Bond ETF US$ Common Units
BOND-U.TO,Evolve Enhanced Yield Bond Fund
EACL.NE,Global X Enhanced MSCI EAFE Covered Call ETF
CYLD.NE,Manulife Smart Enhanced Yield ETF
UYLD-U.NE,Manulife Smart U.S. Enhanced Yield ETF - USD Units
CYBR-U.TO,Evolve Cyber Security Index Fund
XMC.TO,iShares S&P U.S. Mid-Cap Index ETF
TIPS-F.TO,BMO US TIPS Index ETF (Hedged Units)
ZUAG-U.TO,BMO US Aggregate Bond Index ETF (USD Units)
CINV.TO,CI Global Alpha Innovation ETF C$ Series
XDG.TO,iShares Core MSCI Global Quality Dividend Index ETF
NXF-B.TO,CI Energy Giants Covered Call ETF Common Units (Unhedged)
QQQT.TO,Evolve NASDAQ Technology Index Fund CAD Hedged
HBF.TO,Harvest Brand Leaders Plus Income ETF
CMAG.TO,CI Munro Alternative Global Growth ETF Common Units
CMDO.TO,CI Alternative Diversified Opportunities Fund ETF CAD series
HPYM-U.TO,Harvest Premium Yield 7-10 Year Treasury ETF - Class U Units
PYF.TO,Purpose Premium Yield Fund Series ETF
FSB.TO,CI Enhanced Short Duration Bond Fund ETF Common Units
CMDO-U.TO,CI Alternative Diversified Opportunities Fund ETF USD Hedged series
ETHY.TO,Purpose Ether Yield ETF - ETF Units
CMGG-U.TO,CI Munro Global Growth Equity Fund ETF USD Hedged
TUED.TO,TD Active U.S. Enhanced Dividend ETF
XDU.TO,iShares Core MSCI US Quality Dividend Index ETF
ULV-C.TO,Invesco S&P 500 Low Volatility Index ETF CAD
ZDY.TO,BMO US Dividend ETF (CAD)
ZTL-U.NE,BMO Long-Term US Treasury Bond Fund ETF USD
RUD.TO,RBC Quant U.S. Dividend Leaders ETF (CAD)
BOND.TO,Evolve Enhanced Yield Bond Fund
ZPW-U.TO,BMO US Put Write ETF(USD)
CGRN.TO,CI Global Sustainable Infrastructure Fund C$ Series CAD Acc ETF
ULV-F.TO,Invesco S&P 500 Low Volatility Index ETF CAD Hedged
RIFI.TO,Russell Investments Fixed Income ETF
TDOC-U.TO,TD Global Healthcare Leaders Index ETF USD
ZUAG.TO,BMO US Aggregate Bond Index ETF
RUBY-U.TO,RBC U.S. Banks Yield Index ETF (USD Units)
XQQU-U.TO,iShares NASDAQ 100 Index ETF USD Units
BGIN.NE,BMO Global Innovators Active ETF Series
EDGE.TO,Evolve Innovation Index Fund ETF
QUU.TO,Mackenzie US Large Cap Equity Index ETF
HPF-U.TO,Harvest Energy Leaders Plus Income ETF
CALL-B.TO,Evolve US Banks Enhanced Yield Fund UnHedged Units
HHL-U.TO,Harvest Healthcare Leaders Income ETF
ZMID.TO,BMO S&P US Mid Cap Index ETF
ZLU-U.TO,BMO Low Volatility US Equity ETF (USD)
ZTS.NE,BMO Short-Term US Treasury Bond Fund ETF
ZGLD.TO,BMO Gold Bullion ETF (CAD Units)
BTCY.TO,Purpose Bitcoin Yield ETF - ETF Units
XAW-U.TO,iShares Core MSCI All Country World ex Canada Index ETF
CRED.TO,CI Alternative Investment Grade Credit ETF C$ Series Units
ZUAG-F.TO,BMO US Aggregate Bond Index ETF (Hedged Units)
XDG-U.TO,iShares Core MSCI Global Quality Dividend Index ETF USD Share Class
ZJK.TO,BMO High Yield US Corporate Bond Index ETF
ZUP.TO,BMO US Preferred Share Index ETF
BTCX-U.TO,CI Galaxy Bitcoin ETF US$ SeriesUnits
ZNQ-U.TO,BMO NASDAQ 100 Equity Index ETF (USD Units)
CLML.TO,CI Global Climate Leaders Fund (ETF C$ Series)
FLX-U.TO,Purpose Global Flexible Credit Fund - ETF Non-currency hedged USD
RATE.TO,Arrow EC Income Advantage Alternative Fund Series ETF
ZTL.NE,BMO Long-Term US Treasury Bond Fund ETF
FGEB.TO,Fidelity Global Equity+ Balanced Fund ETF
FHI-B.TO,CI Health Care Giants Covered Call ETF Unhedged Units
FHI-U.TO,CI Health Care Giants Covered Call ETF Common Units (USD Hedged)
CBON.NE,Ninepoint Carbon Credit ETF CAD
ZTS-U.NE,BMO Short-Term US Treasury Bond Fund ETF USD
PMNT.TO,PIMCO Global Short Maturity Fund (Canada) ETF Series
TXF-B.TO,CI Tech Giants Covered Call ETF Common Units (Unhedged)
ZUP-U.TO,BMO US Preferred Share Index ETF (USD Units)
HTA-U.TO,Harvest Tech Achievers Growth & Income ETF
ETHY-B.TO,Purpose Ether Yield ETF CAD ETF Non-Currency Hedged Units
CALL-B.TO,Evolve US Banks Enhanced Yield Fund UnHedged Units
ZJK-U.TO,BMO High Yield US Corporate Bond Index ETF (USD Units)
PMNT.TO,PIMCO Global Short Maturity Fund (Canada) ETF Series
PYF-U.TO,Purpose Premium Yield Fund ETF - Class U USD Units
TEC-U.TO,TD Global Technology Leaders Index ETF USD
TPU-U.TO,TD U.S. Equity Index ETF USD
CLML.TO,CI Global Climate Leaders Fund (ETF C$ Series)
CBON.NE,Ninepoint Carbon Credit ETF CAD
ZTS-U.NE,BMO Short-Term US Treasury Bond Fund ETF USD
QUU.TO,Mackenzie US Large Cap Equity Index ETF
HPF-U.TO,Harvest Energy Leaders Plus Income ETF
TEC-U.TO,TD Global Technology Leaders Index ETF USD
ETHY-B.TO,Purpose Ether Yield ETF CAD ETF Non-Currency Hedged Units
ZLU.TO,BMO Low Volatility US Equity ETF (CAD)
NNRG.NE,Ninepoint Energy Fund Series ETF
ETHH-B.TO,Purpose Ether CAD ETF Non-Currency Hedged
ZWB-U.TO,BMO Covered Call Canadian Banks ETF (USD Units)
BTCY-B.TO,Purpose Bitcoin Yield ETF CAD ETF Non-Currency Hedged Units
BTCY-U.TO,Purpose Bitcoin Yield ETF - USD ETF Non-Currency Hedged Units
NXF.TO,CI Energy Giants Covered Call ETF Common Units (CAD Hedged)
EBIT.TO,Bitcoin ETF CAD
XAW.TO,iShares Core MSCI All Country World ex Canada Index ETF
HPF.TO,Harvest Energy Leaders Plus Income ETF
ZSP.TO,BMO S&P 500 Index ETF (CAD)
TEC.TO,TD Global Technology Leaders Index ETF
XMC-U.TO,iShares S&P U.S. Mid-Cap Index ETF USD Share Class
CNAO.TO,CI Alternative North American Opportunities Fund (ETF C$ Series)
ZNQ.TO,BMO NASDAQ 100 Equity Index ETF
ZSML.TO,BMO S&P US Small Cap Index ETF
ZPAY.TO,BMO Premium Yield ETF
EQCC.TO,Global X All-Equity Asset Allocation Covered Call ETF
CBON-U.NE,Ninepoint Carbon Credit ETF
ZTM-U.NE,BMO Mid-Term US Treasury Bond Fund ETF USD
XUU-U.TO,iShares Core S&P U.S. Total Market Index ETF USD Share Class
LIFE-B.TO,Evolve Global Healthcare Enhanced Yield Fund UnHedged Units
ZPW.TO,BMO US Put Write ETF
HBF-U.TO,Harvest Brand Leaders Plus Income ETF
QQQT-U.TO,Evolve NASDAQ Technology Index Fund USD Unhedged
TGED.TO,TD Active Global Enhanced Dividend ETF
EQL.TO,Invesco S&P 500 Equal Weight Index ETF CAD Units
MGDV.TO,Mackenzie Global Dividend ETF
RUDB-U.TO,RBC U.S. Discount Bond ETF USD
TECH-U.TO,Evolve FANGMA Index ETF Unhedged USD
RUBY.TO,RBC U.S. Banks Yield Index ETF
CMGG.TO,CI Munro Global Growth Equity Fund ETF
HTA-B.TO,Harvest Tech Achievers Growth & Income ETF Class B Unhedged Units
RPD.TO,RBC Quant European Dividend Leaders ETF
XUU.TO,iShares Core S&P U.S. Total Market Index ETF
ZGLD.TO,BMO Gold Bullion ETF (CAD Units)
BTCY.TO,Purpose Bitcoin Yield ETF - ETF Units
ZTM-U.NE,BMO Mid-Term US Treasury Bond Fund ETF USD
HUBL.TO,Harvest US Bank Leaders Income ETF Class A
XUU-U.TO,iShares Core S&P U.S. Total Market Index ETF USD Share Class
EQCC.TO,Global X All-Equity Asset Allocation Covered Call ETF
XUU.TO,iShares Core S&P U.S. Total Market Index ETF
BOND-B.TO,Evolve Enhanced Yield Bond Fund CAD Unhedged Units
HHL-U.TO,Harvest Healthcare Leaders Income ETF
TGED-U.TO,TD Active Global Enhanced Dividend ETF USD
CMAR.TO,CI Marret Alternative Absolute Return Bond ETF Common Units
CYBR-U.TO,Evolve Cyber Security Index Fund
XMC.TO,iShares S&P U.S. Mid-Cap Index ETF
CRED-U.TO,CI Alternative Investment Grade Credit ETF US$ Hedged Series Units
RMAX.TO,HAMILTON REITS YIELD MAXIMIZER
PAYS.TO,Global X Short-Term Government Bond Premium Yield ETF
CMCX-B.TO,CI Galaxy Multi-Crypto ETF CAD Unhedged Series Units
TXF.TO,CI Tech Giants Covered Call ETF Common Units
TECH.TO,Evolve FANGMA Index ETF Hedged CAD
HPYT.TO,Harvest Premium Yield Treasury ETF A
ZWB.TO,BMO Covered Call Canadian Banks ETF
BTCX-B.TO,CI Galaxy Bitcoin ETF C$ Unhedged Series Units
ZMI.TO,BMO Monthly Income ETF
HHL.TO,Harvest Healthcare Leaders Income ETF
XAW.TO,iShares Core MSCI All Country World ex Canada Index ETF
HPF.TO,Harvest Energy Leaders Plus Income ETF
ZSP.TO,BMO S&P 500 Index ETF (CAD)
CALL.TO,Evolve US Banks Enhanced Yield Fund Hedged Units
ETHH.TO,Purpose Ether ETF - Hedged
TEC.TO,TD Global Technology Leaders Index ETF
CGXF-U.TO,CI Gold+ Giants Covered Call ETF
BTCY-B.TO,Purpose Bitcoin Yield ETF CAD ETF Non-Currency Hedged Units
ETHC-B.NE,Purpose Ether Staking Corp. ETF
ARKG.NE,BMO ARK Genomic Revolution Fund
ARKK.NE,BMO ARK Innovation Fund
RA-UN.TO,Middlefield Global Real Asset Fund
USSX-U.TO,Global X S&P 500 Index ETF
KILO-U.TO,Purpose Gold Bullion Fund
DXMO.TO,Dynamic Active Mining Opportunities ETF
EAFX-U.NE,GLOBAL X MSCI EAFE INDEX ETF
DXAU.TO,Dynamic Active Global Gold ETF
IGEO.TO,IA Clarington Loomis Global Equity Opportunities Fund
DGR-U.TO,CI US QITY DIVIDEND GROWTH IDX
IWEB.TO,IA WEALTH ENHANCED BOND POOL ET
ESPX-U.TO,EVOLVE SP 500 ENHANCED YIELD FU
DXRE.TO,Dynamic Active Real Estate ETF
ARKW.NE,BMO ARK NEXT GENERATION INTERNE
FCMO-U.NE,FIDELITY U.S. MOMENTUM ETF USD
UYLD-B.NE,Manulife Smart U.S. Enhanced Yield ETF
UYLD.NE,Manulife Smart U.S. Enhanced Yield ETF
ZUCM-U.TO,BMO USD Cash Management ETF
MPY.TO,Mulvihill Premium Yield Fund
EMMX.NE,Global X MSCI Emerging Markets Index ETF
EIT-PB.TO,Canoe EIT Income Fund
TRVI.TO,Harvest Travel & Leisure Income ETF
HPYT-B.TO,HARVEST PREMIUM YIELD TREASURY
FCIN.NE,FIDELITY ALL-INTERNATIONAL EQUI
TCSH.TO,TD CASH MANAGEMENT ETF
ZUCM.TO,BMO USD Cash Management ETF
FCCA.NE,FIDELITY ALL-CANADIAN EQUITY ET
DMEC.TO,Desjardins Canadian Equity Index ETF
KILO-B.TO,Purpose Gold Bullion Fund
DCBC.TO,Desjardins Canadian Corporate Bond Index ETF
PIX-UN.TO,Pimco Multi-Sector Income Fund
MNS.TO,Royal Canadian Mint - Canadian Silver Reserves
MNT.TO,Royal Canadian Mint - Canadian Gold Reserves
ZUCM-U.TO,BMO USD Cash Management ETF
MPY.TO,Mulvihill Premium Yield Fund
USSX.TO,Global X S&P 500 Index ETF
FCAM.NE,Fidelity All-American Equity ETF
